day,DVS,LAI,TAGP,TWSO,TWLV,TWST,TWRT,TRA,RD,SM,WWLOW,RFTRA
2031-03-20,2.0,0.0,9959.588773672785,1148.4969742822323,3358.9563433664034,5452.135456024149,1841.317253825993,0.0,97.60000000000014,0.1773799333571958,53.152281495662216,0.3322122652206693
